{
  "benchmark_info": {
    "experiment_name": "vllm_comparison",
    "model_name": "qwen35-4b-thinking",
    "model_type": "qwen-3",
    "task_type": "binary_vulnerability",
    "dataset_path": "datasets_processed/context_assembler/cvefixes_python_matched.json",
    "description": "CVEFixes Python file-level samples matched to ContextAssembler CVE IDs (before-fix=vulnerable, after-fix=safe)",
    "cwe_type": null,
    "batch_size": 5,
    "max_output_tokens": 8192,
    "temperature": 0.6,
    "use_quantization": true,
    "is_thinking_enabled": true,
    "total_samples": 187,
    "total_time_seconds": 1485.2818746566772,
    "avg_time_per_sample": 7.942683821693461,
    "tokens_used_total": 1892694,
    "tokens_used_avg": 10121.358288770054,
    "processing_time_stats": {
      "count": 187,
      "min": 7.942429379345899,
      "max": 7.942429379345899,
      "mean": 7.942429379345897,
      "variance": 7.137918835951414e-30,
      "std": 2.6716883867605917e-15
    },
    "tokens_used_stats": {
      "count": 187,
      "min": 1625.0,
      "max": 23112.0,
      "mean": 10121.358288770054,
      "variance": 30589932.672014263,
      "std": 5530.816636990804
    },
    "extra_metadata": {},
    "timestamp": "2026-03-07T19:29:31.699352"
  },
  "metrics": {
    "task_type": "binary",
    "accuracy": 0.4385026737967914,
    "summary": {
      "accuracy": 0.4385026737967914,
      "precision": 0.42196531791907516,
      "recall": 0.9358974358974359,
      "f1_score": 0.5816733067729083,
      "specificity": 0.08256880733944955
    },
    "details": {
      "confusion_matrix": {
        "true_positives": 73,
        "true_negatives": 9,
        "false_positives": 100,
        "false_negatives": 5
      },
      "labels": [
        0,
        1
      ]
    }
  }
}