{
  "benchmark_info": {
    "experiment_name": "vllm_comparison",
    "model_name": "qwen3-4b-thinking",
    "model_type": "qwen-3",
    "task_type": "binary_vulnerability",
    "dataset_path": "datasets_processed/context_assembler/cvefixes_python_matched_extended_context.json",
    "description": "CVEFixes Python file-level samples matched to ContextAssembler CVE IDs (before-fix=vulnerable, after-fix=safe)",
    "cwe_type": null,
    "batch_size": 5,
    "max_output_tokens": 8192,
    "temperature": 0.6,
    "use_quantization": true,
    "is_thinking_enabled": true,
    "total_samples": 173,
    "total_time_seconds": 620.2870719432831,
    "avg_time_per_sample": 3.585474404296434,
    "tokens_used_total": 1148098,
    "tokens_used_avg": 6636.404624277457,
    "processing_time_stats": {
      "count": 173,
      "min": 3.585346147504156,
      "max": 3.585346147504156,
      "mean": 3.5853461475041546,
      "variance": 1.7852564381237143e-30,
      "std": 1.3361348876979877e-15
    },
    "tokens_used_stats": {
      "count": 173,
      "min": 1322.0,
      "max": 13971.0,
      "mean": 6636.404624277457,
      "variance": 8335581.695792445,
      "std": 2887.1407474857274
    },
    "extra_metadata": {},
    "timestamp": "2026-03-01T18:19:42.441956"
  },
  "metrics": {
    "task_type": "binary",
    "accuracy": 0.5317919075144508,
    "summary": {
      "accuracy": 0.5317919075144508,
      "precision": 0.47115384615384615,
      "recall": 0.6533333333333333,
      "f1_score": 0.547486033519553,
      "specificity": 0.4387755102040816
    },
    "details": {
      "confusion_matrix": {
        "true_positives": 49,
        "true_negatives": 43,
        "false_positives": 55,
        "false_negatives": 26
      },
      "labels": [
        0,
        1
      ]
    }
  }
}