{
  "benchmark_info": {
    "experiment_name": "vllm_comparison",
    "model_name": "code-llama-7b-python",
    "model_type": "llama-3",
    "task_type": "binary_vulnerability",
    "dataset_path": "datasets_processed/context_assembler/cvefixes_python_matched_extended_context.json",
    "description": "CVEFixes Python file-level samples matched to ContextAssembler CVE IDs (before-fix=vulnerable, after-fix=safe)",
    "cwe_type": null,
    "batch_size": 5,
    "max_output_tokens": 2048,
    "temperature": 0.1,
    "use_quantization": true,
    "is_thinking_enabled": false,
    "total_samples": 166,
    "total_time_seconds": 2155.2341363430023,
    "avg_time_per_sample": 12.983338170740979,
    "tokens_used_total": 1196964,
    "tokens_used_avg": 7210.626506024097,
    "processing_time_stats": {
      "count": 166,
      "min": 12.983253316706922,
      "max": 12.983253316706922,
      "mean": 12.98325331670692,
      "variance": 3.174567521616678e-30,
      "std": 1.781731607626883e-15
    },
    "tokens_used_stats": {
      "count": 166,
      "min": 931.0,
      "max": 15926.0,
      "mean": 7210.626506024097,
      "variance": 12206853.168747721,
      "std": 3493.830729836195
    },
    "extra_metadata": {},
    "timestamp": "2026-02-28T14:49:10.432660"
  },
  "metrics": {
    "task_type": "binary",
    "accuracy": 0.536144578313253,
    "summary": {
      "accuracy": 0.536144578313253,
      "precision": 0.4657534246575342,
      "recall": 0.4722222222222222,
      "f1_score": 0.4689655172413793,
      "specificity": 0.5851063829787234
    },
    "details": {
      "confusion_matrix": {
        "true_positives": 34,
        "true_negatives": 55,
        "false_positives": 39,
        "false_negatives": 38
      },
      "labels": [
        0,
        1
      ]
    }
  }
}