{
  "benchmark_info": {
    "experiment_name": "sampling_sweep_binary",
    "model_name": "qwen3-4b-top-p-080",
    "model_type": "qwen-3",
    "task_type": "binary_vulnerability",
    "dataset_path": "datasets_processed/jitvul/jitvul_binary.json",
    "description": "Binary classification: all vulnerability types",
    "cwe_type": null,
    "batch_size": 16,
    "max_output_tokens": 8192,
    "temperature": 0.6,
    "use_quantization": true,
    "is_thinking_enabled": true,
    "total_samples": 200,
    "total_time_seconds": 476.1834328174591,
    "avg_time_per_sample": 2.3809171640872955,
    "tokens_used_total": 830487,
    "tokens_used_avg": 4152.435,
    "processing_time_stats": {
      "count": 200,
      "min": 2.3808093917369844,
      "max": 2.3808093917369844,
      "mean": 2.380809391736985,
      "variance": 1.9820625759321903e-31,
      "std": 4.452036136345021e-16
    },
    "tokens_used_stats": {
      "count": 200,
      "min": 1011.0,
      "max": 17165.0,
      "mean": 4152.435,
      "variance": 4907275.463090451,
      "std": 2215.2371121598817
    },
    "extra_metadata": {},
    "timestamp": "2026-03-13T00:55:38.853377"
  },
  "metrics": {
    "task_type": "binary",
    "accuracy": 0.535,
    "summary": {
      "accuracy": 0.535,
      "precision": 0.574468085106383,
      "recall": 0.5046728971962616,
      "f1_score": 0.5373134328358209,
      "specificity": 0.5698924731182796
    },
    "details": {
      "confusion_matrix": {
        "true_positives": 54,
        "true_negatives": 53,
        "false_positives": 40,
        "false_negatives": 53
      },
      "labels": [
        0,
        1
      ]
    }
  }
}