{
  "benchmark_info": {
    "experiment_name": "vllm_comparison",
    "model_name": "qwen3-8b-thinking",
    "model_type": "qwen-3",
    "task_type": "binary_vulnerability",
    "dataset_path": "datasets_processed/context_assembler/cvefixes_python_matched.json",
    "description": "CVEFixes Python file-level samples matched to ContextAssembler CVE IDs (before-fix=vulnerable, after-fix=safe)",
    "cwe_type": null,
    "batch_size": 5,
    "max_output_tokens": 8192,
    "temperature": 0.9,
    "use_quantization": true,
    "is_thinking_enabled": true,
    "total_samples": 242,
    "total_time_seconds": 1818.7042169570923,
    "avg_time_per_sample": 7.515306681640877,
    "tokens_used_total": 1934419,
    "tokens_used_avg": 7993.466942148761,
    "processing_time_stats": {
      "count": 242,
      "min": 7.515177885362925,
      "max": 7.515177885362925,
      "mean": 7.515177885362927,
      "variance": 7.129207682868729e-30,
      "std": 2.6700576178930538e-15
    },
    "tokens_used_stats": {
      "count": 242,
      "min": 755.0,
      "max": 19221.0,
      "mean": 7993.466942148761,
      "variance": 19307049.835002232,
      "std": 4393.978815948278
    },
    "extra_metadata": {},
    "timestamp": "2026-03-17T21:52:05.807774"
  },
  "metrics": {
    "task_type": "binary",
    "accuracy": 0.5537190082644629,
    "summary": {
      "accuracy": 0.5537190082644629,
      "precision": 0.45454545454545453,
      "recall": 0.6842105263157895,
      "f1_score": 0.546218487394958,
      "specificity": 0.46938775510204084
    },
    "details": {
      "confusion_matrix": {
        "true_positives": 65,
        "true_negatives": 69,
        "false_positives": 78,
        "false_negatives": 30
      },
      "labels": [
        0,
        1
      ]
    }
  }
}