{
  "benchmark_info": {
    "experiment_name": "vllm_comparison",
    "model_name": "llama3.2-3B",
    "model_type": "llama-3",
    "task_type": "binary_vulnerability",
    "dataset_path": "datasets_processed/context_assembler/cvefixes_python_matched.json",
    "description": "CVEFixes Python file-level samples matched to ContextAssembler CVE IDs (before-fix=vulnerable, after-fix=safe)",
    "cwe_type": null,
    "batch_size": 5,
    "max_output_tokens": 4096,
    "temperature": 0.9,
    "use_quantization": true,
    "is_thinking_enabled": false,
    "total_samples": 246,
    "total_time_seconds": 236.60056948661804,
    "avg_time_per_sample": 0.9617909328724311,
    "tokens_used_total": 1587378,
    "tokens_used_avg": 6452.756097560976,
    "processing_time_stats": {
      "count": 246,
      "min": 0.9616946825167028,
      "max": 0.9616946825167028,
      "mean": 0.9616946825167025,
      "variance": 4.950504660315534e-32,
      "std": 2.2249729572099373e-16
    },
    "tokens_used_stats": {
      "count": 246,
      "min": 368.0,
      "max": 16712.0,
      "mean": 6452.756097560976,
      "variance": 18074574.830064707,
      "std": 4251.420330908802
    },
    "extra_metadata": {},
    "timestamp": "2026-03-17T22:04:05.204866"
  },
  "metrics": {
    "task_type": "binary",
    "accuracy": 0.44715447154471544,
    "summary": {
      "accuracy": 0.44715447154471544,
      "precision": 0.39444444444444443,
      "recall": 0.7244897959183674,
      "f1_score": 0.5107913669064749,
      "specificity": 0.2635135135135135
    },
    "details": {
      "confusion_matrix": {
        "true_positives": 71,
        "true_negatives": 39,
        "false_positives": 109,
        "false_negatives": 27
      },
      "labels": [
        0,
        1
      ]
    }
  }
}