{
  "benchmark_info": {
    "experiment_name": "vllm_comparison",
    "model_name": "qwen3-4b-thinking",
    "model_type": "qwen-3",
    "task_type": "binary_vulnerability",
    "dataset_path": "datasets_processed/context_assembler/cvefixes_python_matched.json",
    "description": "CVEFixes Python file-level samples matched to ContextAssembler CVE IDs (before-fix=vulnerable, after-fix=safe)",
    "cwe_type": null,
    "batch_size": 5,
    "max_output_tokens": 8192,
    "temperature": 0.9,
    "use_quantization": true,
    "is_thinking_enabled": true,
    "total_samples": 242,
    "total_time_seconds": 810.3280441761017,
    "avg_time_per_sample": 3.3484629924632303,
    "tokens_used_total": 1917419,
    "tokens_used_avg": 7923.219008264463,
    "processing_time_stats": {
      "count": 242,
      "min": 3.34833097753446,
      "max": 3.34833097753446,
      "mean": 3.3483309775344603,
      "variance": 1.980335467463536e-31,
      "std": 4.450096029821756e-16
    },
    "tokens_used_stats": {
      "count": 242,
      "min": 658.0,
      "max": 18198.0,
      "mean": 7923.219008264463,
      "variance": 17857498.404118508,
      "std": 4225.813342318672
    },
    "extra_metadata": {},
    "timestamp": "2026-03-17T20:22:16.651657"
  },
  "metrics": {
    "task_type": "binary",
    "accuracy": 0.5454545454545454,
    "summary": {
      "accuracy": 0.5454545454545454,
      "precision": 0.43478260869565216,
      "recall": 0.5263157894736842,
      "f1_score": 0.47619047619047616,
      "specificity": 0.5578231292517006
    },
    "details": {
      "confusion_matrix": {
        "true_positives": 50,
        "true_negatives": 82,
        "false_positives": 65,
        "false_negatives": 45
      },
      "labels": [
        0,
        1
      ]
    }
  }
}