{
  "benchmark_info": {
    "experiment_name": "vllm_comparison",
    "model_name": "qwen35-4b",
    "model_type": "qwen-3",
    "task_type": "binary_vulnerability",
    "dataset_path": "datasets_processed/context_assembler/context_assembler_binary.json",
    "description": "ContextAssembler: Python binary vulnerability detection with extended CVE context (1=vulnerable, 0=safe)",
    "cwe_type": null,
    "batch_size": 5,
    "max_output_tokens": 2048,
    "temperature": 0.6,
    "use_quantization": true,
    "is_thinking_enabled": false,
    "total_samples": 299,
    "total_time_seconds": 832.5080802440643,
    "avg_time_per_sample": 2.784307960682489,
    "tokens_used_total": 903291,
    "tokens_used_avg": 3021.040133779264,
    "processing_time_stats": {
      "count": 299,
      "min": 2.7821561269536863,
      "max": 2.7821561269536863,
      "mean": 2.7821561269536867,
      "variance": 1.9787702236668e-31,
      "std": 4.448337019231794e-16
    },
    "tokens_used_stats": {
      "count": 299,
      "min": 717.0,
      "max": 15924.0,
      "mean": 3021.040133779264,
      "variance": 4376369.038652331,
      "std": 2091.9773035700773
    },
    "extra_metadata": {},
    "timestamp": "2026-03-07T18:27:03.878354"
  },
  "metrics": {
    "task_type": "binary",
    "accuracy": 0.4180602006688963,
    "summary": {
      "accuracy": 0.4180602006688963,
      "precision": 0.39855072463768115,
      "recall": 0.9322033898305084,
      "f1_score": 0.5583756345177665,
      "specificity": 0.08287292817679558
    },
    "details": {
      "confusion_matrix": {
        "true_positives": 110,
        "true_negatives": 15,
        "false_positives": 166,
        "false_negatives": 8
      },
      "labels": [
        0,
        1
      ]
    }
  }
}